customer,employee_id,order_date,required_date,shipped_date,shipped_id,freight
VINET,5,04/07/2013,01/08/2013,16/07/2013,3,32.38
TOMSP,6,05/07/2013,16/08/2013,10/07/2013,1,11.61
HANAR,4,08/07/2013,05/08/2013,12/07/2013,2,65.83
VICTE,3,08/07/2013,05/08/2013,15/07/2013,1,41.34
SUPRD,4,09/07/2013,06/08/2013,11/07/2013,2,51.3
HANAR,3,10/07/2013,24/07/2013,16/07/2013,2,58.17
CHOPS,5,11/07/2013,08/08/2013,23/07/2013,2,22.98
RICSU,9,12/07/2013,09/08/2013,15/07/2013,3,148.33
WELLI,3,15/07/2013,12/08/2013,17/07/2013,2,13.97
HILAA,4,16/07/2013,13/08/2013,22/07/2013,3,81.91
ERNSH,1,17/07/2013,14/08/2013,23/07/2013,1,140.51
CENTC,4,18/07/2013,15/08/2013,25/07/2013,3,3.25
OTTIK,4,19/07/2013,16/08/2013,29/07/2013,1,55.09
QUEDE,4,19/07/2013,16/08/2013,30/07/2013,2,3.05
RATTC,8,22/07/2013,19/08/2013,25/07/2013,3,48.29
ERNSH,9,23/07/2013,20/08/2013,31/07/2013,3,146.06
FOLKO,6,24/07/2013,21/08/2013,23/08/2013,3,3.67
BLONP,2,25/07/2013,22/08/2013,12/08/2013,1,55.28
WARTH,3,26/07/2013,06/09/2013,31/07/2013,3,25.73
FRANK,4,29/07/2013,26/08/2013,06/08/2013,1,208.58
GROSR,8,30/07/2013,27/08/2013,02/08/2013,3,66.29
WHITC,5,31/07/2013,14/08/2013,09/08/2013,1,4.56
WARTH,1,01/08/2013,29/08/2013,02/08/2013,1,136.54
SPLIR,6,01/08/2013,29/08/2013,30/08/2013,2,4.54
RATTC,6,02/08/2013,30/08/2013,06/08/2013,2,98.03
QUICK,3,05/08/2013,02/09/2013,12/08/2013,3,76.07
VINET,6,06/08/2013,03/09/2013,16/08/2013,1,6.01
MAGAA,1,07/08/2013,04/09/2013,09/08/2013,1,26.93
TORTU,8,08/08/2013,22/08/2013,14/08/2013,3,13.84
MORGK,2,09/08/2013,06/09/2013,13/08/2013,3,125.77
BERGS,8,12/08/2013,09/09/2013,16/08/2013,2,92.69
LEHMS,8,13/08/2013,10/09/2013,16/08/2013,2,25.83
BERGS,2,14/08/2013,11/09/2013,12/09/2013,1,8.98
ROMEY,4,14/08/2013,28/08/2013,21/08/2013,1,2.94
ROMEY,4,15/08/2013,12/09/2013,21/08/2013,1,12.69
LILAS,3,16/08/2013,13/09/2013,23/08/2013,3,84.81
LEHMS,4,19/08/2013,16/09/2013,27/08/2013,1,76.56
QUICK,1,20/08/2013,17/09/2013,26/08/2013,2,76.83
QUICK,8,21/08/2013,18/09/2013,30/08/2013,3,229.24
RICAR,8,22/08/2013,19/09/2013,28/08/2013,3,12.76
REGGC,4,23/08/2013,20/09/2013,03/09/2013,1,7.45
BSBEV,7,26/08/2013,23/09/2013,28/08/2013,3,22.77
COMMI,8,27/08/2013,24/09/2013,03/09/2013,1,79.7
QUEDE,6,27/08/2013,24/09/2013,04/09/2013,2,6.4
TRADH,1,28/08/2013,25/09/2013,02/09/2013,2,1.35
TORTU,1,29/08/2013,26/09/2013,11/09/2013,3,21.18
RATTC,4,30/08/2013,27/09/2013,05/09/2013,2,147.26
VINET,2,02/09/2013,30/09/2013,10/09/2013,2,1.15
LILAS,6,03/09/2013,01/10/2013,11/09/2013,1,0.12
BLONP,5,04/09/2013,16/10/2013,10/09/2013,2,5.74
HUNGO,6,05/09/2013,03/10/2013,11/09/2013,2,168.22
RICAR,4,06/09/2013,04/10/2013,13/09/2013,2,29.76
MAGAA,2,09/09/2013,07/10/2013,18/09/2013,2,17.68
WANDK,8,09/09/2013,07/10/2013,17/09/2013,2,45.08
SUPRD,4,10/09/2013,08/10/2013,09/10/2013,2,6.27
GODOS,7,11/09/2013,09/10/2013,18/09/2013,2,107.83
TORTU,1,12/09/2013,10/10/2013,17/09/2013,2,63.79
OLDWO,8,13/09/2013,11/10/2013,09/10/2013,3,257.62
ROMEY,1,16/09/2013,14/10/2013,23/09/2013,3,7.56
LONEP,2,17/09/2013,15/10/2013,25/09/2013,2,0.56
ANATR,7,18/09/2013,16/10/2013,24/09/2013,3,1.61
HUNGO,3,19/09/2013,17/10/2013,23/10/2013,1,47.3
THEBI,8,20/09/2013,18/10/2013,27/09/2013,2,17.52
DUMON,1,20/09/2013,04/10/2013,26/09/2013,3,24.69
WANDK,2,23/09/2013,21/10/2013,03/10/2013,2,40.26
QUICK,2,24/09/2013,22/10/2013,04/10/2013,2,1.96
RATTC,1,25/09/2013,23/10/2013,04/10/2013,2,74.16
ISLAT,4,26/09/2013,24/10/2013,03/10/2013,2,41.76
RATTC,1,27/09/2013,25/10/2013,08/10/2013,3,150.15
LONEP,6,30/09/2013,28/10/2013,10/10/2013,1,12.69
ISLAT,8,01/10/2013,29/10/2013,04/10/2013,2,4.73
TORTU,7,02/10/2013,30/10/2013,11/10/2013,3,64.5
WARTH,5,03/10/2013,17/10/2013,18/10/2013,3,34.57
ISLAT,3,03/10/2013,31/10/2013,11/10/2013,2,3.43
PERIC,7,04/10/2013,01/11/2013,23/10/2013,3,0.4
KOENE,4,07/10/2013,04/11/2013,14/10/2013,1,4.88
SAVEA,9,08/10/2013,05/11/2013,10/10/2013,1,214.27
KOENE,1,09/10/2013,23/10/2013,14/10/2013,3,64.86
BOLID,4,10/10/2013,07/11/2013,14/10/2013,2,77.92
FOLKO,2,11/10/2013,08/11/2013,14/10/2013,1,63.36
FURIB,4,14/10/2013,11/11/2013,17/10/2013,3,87.03
SPLIR,4,15/10/2013,26/11/2013,23/10/2013,2,191.67
LILAS,3,16/10/2013,13/11/2013,28/10/2013,1,12.75
BONAP,9,16/10/2013,27/11/2013,21/10/2013,1,10.19
MEREP,3,17/10/2013,28/11/2013,21/10/2013,2,52.84
WARTH,5,18/10/2013,15/11/2013,25/10/2013,3,0.59
VICTE,8,21/10/2013,18/11/2013,28/10/2013,2,8.56
HUNGO,7,22/10/2013,19/11/2013,24/10/2013,2,42.11
PRINI,7,23/10/2013,20/11/2013,25/10/2013,2,15.51
FRANK,4,24/10/2013,21/11/2013,29/10/2013,3,108.26
OLDWO,4,25/10/2013,22/11/2013,29/10/2013,3,84.21
MEREP,2,28/10/2013,25/11/2013,04/11/2013,2,15.66
BONAP,1,29/10/2013,26/11/2013,08/11/2013,3,166.31
SIMOB,7,29/10/2013,26/11/2013,05/11/2013,3,26.78
FRANK,4,30/10/2013,13/11/2013,04/11/2013,2,54.83
LEHMS,4,31/10/2013,28/11/2013,06/11/2013,1,110.37
WHITC,4,01/11/2013,29/11/2013,05/11/2013,2,23.29
QUICK,2,04/11/2013,02/12/2013,11/11/2013,2,249.06
RATTC,3,05/11/2013,17/12/2013,08/11/2013,3,142.08
FAMIA,4,06/11/2013,04/12/2013,08/11/2013,3,3.1
WANDK,4,07/11/2013,05/12/2013,15/11/2013,2,0.78
SPLIR,7,08/11/2013,06/12/2013,15/11/2013,1,8.63
LAMAI,6,11/11/2013,09/12/2013,03/12/2013,2,64.19
ERNSH,1,11/11/2013,09/12/2013,20/11/2013,1,162.33
FURIB,3,12/11/2013,26/11/2013,18/11/2013,3,1.3
PICCO,7,13/11/2013,11/12/2013,25/11/2013,3,360.63
PERIC,8,14/11/2013,12/12/2013,20/11/2013,3,53.8
AROUT,6,15/11/2013,13/12/2013,20/11/2013,1,41.95
WANDK,6,18/11/2013,16/12/2013,27/11/2013,2,36.71
LILAS,1,19/11/2013,17/12/2013,02/12/2013,3,34.88
LAMAI,5,20/11/2013,18/12/2013,27/11/2013,1,19.64
SEVES,5,21/11/2013,19/12/2013,26/11/2013,3,288.43
BLONP,4,22/11/2013,20/12/2013,02/12/2013,3,131.7
QUICK,1,22/11/2013,20/12/2013,03/12/2013,2,183.17
BONAP,3,25/11/2013,23/12/2013,28/11/2013,1,96.04
DRACD,4,26/11/2013,24/12/2013,04/12/2013,3,30.54
EASTC,1,26/11/2013,07/01/2014,04/12/2013,1,71.97
ANTON,3,27/11/2013,25/12/2013,02/12/2013,2,22
GALED,8,28/11/2013,09/01/2014,30/12/2013,2,10.14
VAFFE,7,28/11/2013,26/12/2013,02/12/2013,3,13.55
ERNSH,2,29/11/2013,27/12/2013,02/12/2013,2,101.95
SPLIR,8,02/12/2013,30/12/2013,09/12/2013,2,195.68
CHOPS,6,03/12/2013,31/12/2013,27/12/2013,2,1.17
LAMAI,1,03/12/2013,31/12/2013,24/12/2013,1,0.45
QUEEN,5,04/12/2013,01/01/2014,09/12/2013,2,890.78
HUNGO,4,05/12/2013,02/01/2014,11/12/2013,3,124.12
WOLZA,1,05/12/2013,02/01/2014,09/12/2013,3,3.94
HUNGC,3,06/12/2013,03/01/2014,09/12/2013,2,20.12
MEREP,1,09/12/2013,06/01/2014,13/12/2013,2,20.39
SEVES,1,09/12/2013,06/01/2014,13/12/2013,3,22.21
FOLKO,5,10/12/2013,07/01/2014,19/12/2013,3,5.44
QUEDE,2,11/12/2013,08/01/2014,13/12/2013,1,45.03
HUNGO,8,12/12/2013,09/01/2014,16/01/2014,3,35.03
LILAS,3,12/12/2013,09/01/2014,13/12/2013,3,7.99
ERNSH,4,13/12/2013,10/01/2014,16/12/2013,1,94.77
AROUT,8,16/12/2013,13/01/2014,18/12/2013,3,34.24
BERGS,3,16/12/2013,13/01/2014,20/12/2013,3,168.64
SPLIR,1,17/12/2013,14/01/2014,23/12/2013,2,30.96
FAMIA,9,18/12/2013,01/01/2014,25/12/2013,3,13.99
SANTG,1,18/12/2013,15/01/2014,20/12/2013,2,93.63
SEVES,2,19/12/2013,16/01/2014,20/12/2013,1,34.86
BOTTM,4,20/12/2013,17/01/2014,24/12/2013,2,47.42
ERNSH,6,23/12/2013,20/01/2014,26/12/2013,1,126.38
DRACD,3,23/12/2013,20/01/2014,31/12/2013,3,5.45
PICCO,2,24/12/2013,21/01/2014,01/01/2014,3,122.46
SAVEA,1,25/12/2013,22/01/2014,03/01/2014,3,126.56
HUNGC,1,25/12/2013,22/01/2014,03/01/2014,3,30.34
HILAA,6,26/12/2013,23/01/2014,03/01/2014,1,184.41
FRANK,1,27/12/2013,10/01/2014,06/01/2014,3,135.35
PRINI,5,27/12/2013,24/01/2014,02/01/2014,1,60.26
SAVEA,2,30/12/2013,27/01/2014,09/01/2014,3,89.16
VAFFE,8,31/12/2013,14/01/2014,08/01/2014,3,27.36
EASTC,1,01/01/2014,29/01/2014,16/01/2014,3,83.93
RATTC,1,01/01/2014,29/01/2014,10/01/2014,1,12.51
ERNSH,8,02/01/2014,13/02/2014,10/01/2014,2,67.88
ERNSH,4,03/01/2014,31/01/2014,09/01/2014,3,73.79
MAGAA,2,03/01/2014,31/01/2014,08/01/2014,1,155.97
LINOD,1,06/01/2014,03/02/2014,22/01/2014,1,34.82
QUEEN,7,07/01/2014,18/02/2014,13/01/2014,1,108.04
OTTIK,2,07/01/2014,04/02/2014,30/01/2014,2,91.48
FOLIG,8,08/01/2014,05/02/2014,14/01/2014,1,11.26
OCEAN,3,09/01/2014,06/02/2014,14/01/2014,1,29.83
BOTTM,3,10/01/2014,07/02/2014,15/01/2014,3,2.4
BOTTM,9,10/01/2014,07/02/2014,21/01/2014,3,23.65
WARTH,8,13/01/2014,10/02/2014,15/01/2014,2,3.77
LAMAI,3,14/01/2014,11/02/2014,16/01/2014,2,95.66
FAMIA,2,14/01/2014,11/02/2014,17/01/2014,3,21.48
HUNGC,3,15/01/2014,12/02/2014,24/01/2014,1,0.2
WARTH,8,16/01/2014,13/02/2014,27/01/2014,3,22.72
SIMOB,4,16/01/2014,13/02/2014,28/01/2014,3,70.29
QUICK,4,17/01/2014,14/02/2014,24/01/2014,1,17.55
RICSU,4,20/01/2014,17/02/2014,30/01/2014,2,137.35
WELLI,3,21/01/2014,18/02/2014,27/01/2014,1,44.12
QUEDE,8,21/01/2014,04/03/2014,27/01/2014,1,99.23
FRANS,2,22/01/2014,19/02/2014,31/01/2014,1,3.02
GOURL,6,23/01/2014,06/02/2014,24/02/2014,3,24.5
MEREP,7,23/01/2014,20/02/2014,27/01/2014,2,370.61
LAMAI,6,24/01/2014,21/02/2014,14/02/2014,2,7.93
GALED,4,27/01/2014,24/02/2014,06/02/2014,1,18.69
PICCO,4,27/01/2014,24/02/2014,03/03/2014,2,31.29
REGGC,7,28/01/2014,25/02/2014,04/02/2014,1,11.09
HUNGO,3,29/01/2014,12/03/2014,07/02/2014,2,56.63
ERNSH,4,30/01/2014,13/02/2014,03/02/2014,1,458.78
BOTTM,4,30/01/2014,13/02/2014,07/02/2014,2,44.17
SPLIR,3,31/01/2014,14/02/2014,07/02/2014,2,4.34
PRINI,3,03/02/2014,03/03/2014,04/03/2014,3,73.83
FOLKO,3,03/02/2014,03/03/2014,13/02/2014,2,17.92
CONSH,8,04/02/2014,18/03/2014,07/02/2014,2,9.21
BLONP,3,05/02/2014,05/03/2014,11/02/2014,2,156.66
WARTH,8,05/02/2014,05/03/2014,12/02/2014,1,19.97
TOMSP,3,06/02/2014,06/03/2014,14/02/2014,2,8.24
MEREP,6,07/02/2014,07/03/2014,10/02/2014,3,4.07
SAVEA,4,10/02/2014,10/03/2014,28/02/2014,2,86.53
OLDWO,3,10/02/2014,24/03/2014,14/03/2014,2,73.02
ERNSH,3,11/02/2014,11/03/2014,18/02/2014,2,47.94
REGGC,8,12/02/2014,12/03/2014,14/02/2014,1,13.95
BERGS,3,12/02/2014,12/03/2014,21/02/2014,3,3.5
BERGS,3,13/02/2014,13/03/2014,20/02/2014,1,9.3
TOMSP,6,14/02/2014,14/03/2014,19/02/2014,1,14.68
RICAR,4,14/02/2014,14/03/2014,07/03/2014,2,68.66
RANCH,4,17/02/2014,17/03/2014,24/02/2014,2,38.82
BLONP,3,18/02/2014,18/03/2014,27/02/2014,2,53.3
VICTE,8,19/02/2014,19/03/2014,11/03/2014,2,7.23
QUICK,4,19/02/2014,05/03/2014,12/03/2014,3,189.09
SAVEA,8,20/02/2014,20/03/2014,26/02/2014,1,140.26
AROUT,1,21/02/2014,21/03/2014,26/02/2014,2,25.36
LAMAI,4,21/02/2014,21/03/2014,25/02/2014,3,2.74
WARTH,8,24/02/2014,07/04/2014,03/03/2014,2,180.45
KOENE,8,25/02/2014,08/04/2014,28/02/2014,2,8.12
KOENE,2,25/02/2014,25/03/2014,03/03/2014,1,11.57
SUPRD,7,26/02/2014,26/03/2014,04/03/2014,3,147.06
VICTE,4,27/02/2014,27/03/2014,28/02/2014,2,25.09
FOLKO,8,28/02/2014,28/03/2014,03/03/2014,1,16.27
LILAS,1,28/02/2014,28/03/2014,05/03/2014,3,148.61
CONSH,2,03/03/2014,31/03/2014,18/03/2014,1,6.17
SUPRD,5,04/03/2014,01/04/2014,06/03/2014,3,14.78
FURIB,4,04/03/2014,01/04/2014,14/03/2014,2,89
VAFFE,1,05/03/2014,02/04/2014,14/03/2014,3,145.04
COMMI,4,06/03/2014,03/04/2014,13/03/2014,1,11.93
MAGAA,8,06/03/2014,03/04/2014,11/03/2014,2,4.93
KOENE,3,07/03/2014,04/04/2014,12/03/2014,3,44.12
WHITC,1,10/03/2014,07/04/2014,14/03/2014,1,60.18
BONAP,4,11/03/2014,08/04/2014,14/03/2014,2,64.56
BSBEV,2,11/03/2014,08/04/2014,18/03/2014,3,45.59
SEVES,8,12/03/2014,09/04/2014,19/03/2014,1,4.2
ISLAT,1,13/03/2014,27/03/2014,21/03/2014,3,16.37
PERIC,5,13/03/2014,10/04/2014,21/03/2014,2,83.49
SUPRD,9,14/03/2014,11/04/2014,04/04/2014,1,68.52
HILAA,8,17/03/2014,14/04/2014,24/03/2014,3,4.41
PRINI,5,17/03/2014,14/04/2014,25/03/2014,2,13.02
VICTE,2,18/03/2014,01/04/2014,26/03/2014,3,4.81
RATTC,3,19/03/2014,16/04/2014,21/03/2014,3,708.95
FOLIG,6,20/03/2014,17/04/2014,24/03/2014,2,1.35
RICAR,8,20/03/2014,17/04/2014,25/03/2014,2,64.33
LAZYK,1,21/03/2014,18/04/2014,10/04/2014,3,7.48
WHITC,7,24/03/2014,21/04/2014,25/04/2014,2,15.28
BSBEV,3,24/03/2014,21/04/2014,01/04/2014,3,6.88
LINOD,4,25/03/2014,08/04/2014,31/03/2014,2,64.45
HILAA,1,26/03/2014,23/04/2014,02/04/2014,2,30.53
QUEEN,2,26/03/2014,23/04/2014,28/03/2014,2,71.07
FRANK,8,27/03/2014,24/04/2014,02/04/2014,2,4.93
PICCO,6,28/03/2014,25/04/2014,09/04/2014,2,5.29
HILAA,7,31/03/2014,28/04/2014,03/04/2014,2,210.19
FURIB,8,31/03/2014,28/04/2014,08/04/2014,3,16.96
BOTTM,3,01/04/2014,29/04/2014,11/04/2014,1,62.89
LAMAI,4,02/04/2014,30/04/2014,10/04/2014,3,10.64
COMMI,4,02/04/2014,30/04/2014,09/04/2014,2,65.99
LAUGB,3,03/04/2014,01/05/2014,11/04/2014,3,4.65
TRADH,7,04/04/2014,02/05/2014,07/04/2014,2,46.77
LEHMS,7,04/04/2014,02/05/2014,07/04/2014,1,36.21
HILAA,8,07/04/2014,05/05/2014,11/04/2014,2,29.75
LILAS,4,08/04/2014,06/05/2014,16/04/2014,2,102.02
LAMAI,6,09/04/2014,07/05/2014,17/04/2014,1,42.68
BLAUS,9,09/04/2014,07/05/2014,16/04/2014,3,8.85
PERIC,2,10/04/2014,08/05/2014,29/04/2014,1,69.32
HUNGO,6,11/04/2014,09/05/2014,16/04/2014,2,16.74
WHITC,4,11/04/2014,09/05/2014,18/04/2014,3,59.13
MEREP,3,14/04/2014,12/05/2014,21/04/2014,3,7.13
KOENE,9,15/04/2014,13/05/2014,02/05/2014,2,21.19
ANTON,7,15/04/2014,13/05/2014,22/04/2014,1,47.45
OTTIK,1,16/04/2014,14/05/2014,13/05/2014,2,4.99
BLAUS,4,17/04/2014,15/05/2014,29/04/2014,1,0.15
SAVEA,6,18/04/2014,16/05/2014,28/04/2014,3,367.63
BONAP,4,18/04/2014,16/05/2014,21/04/2014,3,350.64
FAMIA,7,21/04/2014,19/05/2014,24/04/2014,2,3.53
WANDK,7,22/04/2014,03/06/2014,28/04/2014,1,105.65
ERNSH,3,22/04/2014,20/05/2014,16/05/2014,2,789.95
QUICK,2,23/04/2014,07/05/2014,23/05/2014,1,204.47
HUNGO,2,24/04/2014,22/05/2014,01/05/2014,3,62.78
NORTS,3,24/04/2014,22/05/2014,29/04/2014,3,32.07
TORTU,4,25/04/2014,09/05/2014,05/05/2014,2,218.15
CHOPS,6,28/04/2014,26/05/2014,01/05/2014,3,91.76
SANTG,7,29/04/2014,27/05/2014,01/05/2014,1,13.37
CACTU,8,29/04/2014,27/05/2014,02/05/2014,2,17.22
LEHMS,4,30/04/2014,28/05/2014,06/05/2014,1,45.33
SEVES,7,01/05/2014,29/05/2014,30/05/2014,2,77.63
BERGS,1,01/05/2014,29/05/2014,07/05/2014,2,244.79
BONAP,1,02/05/2014,30/05/2014,23/05/2014,2,11.06
WARTH,4,05/05/2014,02/06/2014,15/05/2014,2,58.59
QUICK,7,05/05/2014,02/06/2014,07/05/2014,1,41.9
GREAL,6,06/05/2014,20/05/2014,09/05/2014,2,3.35
MAISD,5,07/05/2014,04/06/2014,09/05/2014,2,66.69
PICCO,3,08/05/2014,05/06/2014,12/05/2014,2,339.22
OCEAN,7,08/05/2014,05/06/2014,19/05/2014,1,8.12
EASTC,7,09/05/2014,06/06/2014,12/05/2014,3,74.46
FOLKO,8,12/05/2014,09/06/2014,22/05/2014,1,188.04
LEHMS,8,12/05/2014,09/06/2014,14/05/2014,2,27.94
ANTON,4,13/05/2014,10/06/2014,21/05/2014,1,15.64
LEHMS,3,14/05/2014,11/06/2014,06/06/2014,2,58.88
RICSU,1,14/05/2014,28/05/2014,19/05/2014,1,78.85
BSBEV,9,15/05/2014,12/06/2014,16/05/2014,3,4.87
BSBEV,6,16/05/2014,13/06/2014,23/05/2014,3,12.36
QUICK,3,19/05/2014,16/06/2014,13/06/2014,3,1007.64
HANAR,2,19/05/2014,16/06/2014,29/05/2014,1,68.65
KOENE,1,20/05/2014,17/06/2014,26/05/2014,3,10.95
LILAS,8,21/05/2014,18/06/2014,23/05/2014,2,48.17
LONEP,4,21/05/2014,18/06/2014,30/05/2014,1,24.91
LAZYK,8,22/05/2014,19/06/2014,26/06/2014,2,11.92
VICTE,1,23/05/2014,20/06/2014,27/05/2014,3,194.72
SEVES,3,23/05/2014,20/06/2014,02/06/2014,2,178.43
TOMSP,3,26/05/2014,23/06/2014,02/06/2014,2,1.43
QUICK,5,27/05/2014,10/06/2014,30/05/2014,1,171.24
GODOS,7,28/05/2014,25/06/2014,06/06/2014,3,4.32
FURIB,4,28/05/2014,09/07/2014,06/06/2014,3,72.95
HILAA,2,29/05/2014,26/06/2014,05/06/2014,1,83.22
WARTH,2,30/05/2014,27/06/2014,03/06/2014,2,149.49
OTTIK,4,30/05/2014,27/06/2014,05/06/2014,3,120.97
SAVEA,6,02/06/2014,30/06/2014,04/06/2014,3,252.49
SIMOB,2,03/06/2014,15/07/2014,13/06/2014,1,9.8
LEHMS,9,03/06/2014,17/06/2014,06/06/2014,2,96.72
AROUT,1,04/06/2014,02/07/2014,10/06/2014,2,72.97
BLONP,6,05/06/2014,03/07/2014,13/06/2014,1,8.05
FRANK,8,06/06/2014,04/07/2014,09/06/2014,1,36.65
FOLKO,2,06/06/2014,04/07/2014,09/06/2014,2,242.21
REGGC,1,09/06/2014,07/07/2014,12/06/2014,1,22.95
RICAR,2,10/06/2014,22/07/2014,24/06/2014,2,60.43
RATTC,4,10/06/2014,08/07/2014,16/06/2014,3,13.75
MEREP,8,11/06/2014,09/07/2014,18/06/2014,2,7.15
BLONP,9,12/06/2014,10/07/2014,18/06/2014,1,88.4
HUNGO,1,12/06/2014,10/07/2014,17/06/2014,1,33.97
GALED,3,13/06/2014,11/07/2014,09/07/2014,3,6.54
RATTC,5,16/06/2014,14/07/2014,11/07/2014,1,58.98
MEREP,3,17/06/2014,15/07/2014,19/06/2014,3,188.99
ERNSH,8,17/06/2014,29/07/2014,04/07/2014,3,26.06
BERGS,3,18/06/2014,16/07/2014,25/06/2014,2,116.43
ANTON,7,19/06/2014,17/07/2014,20/06/2014,3,84.84
TRAIH,4,19/06/2014,17/07/2014,30/06/2014,2,37.6
MORGK,5,20/06/2014,04/07/2014,30/06/2014,1,127.34
TORTU,3,23/06/2014,07/07/2014,30/06/2014,3,18.56
TRAIH,9,23/06/2014,04/08/2014,30/06/2014,2,25.41
BSBEV,4,24/06/2014,22/07/2014,25/07/2014,3,29.6
LETSS,1,25/06/2014,23/07/2014,04/07/2014,2,13.73
OTTIK,4,26/06/2014,24/07/2014,01/07/2014,3,75.89
FAMIA,3,26/06/2014,24/07/2014,02/07/2014,1,3.01
BLAUS,3,27/06/2014,25/07/2014,14/07/2014,2,27.71
WARTH,2,30/06/2014,28/07/2014,04/07/2014,2,7.28
BLONP,4,30/06/2014,28/07/2014,04/07/2014,1,59.14
WELLI,7,01/07/2014,29/07/2014,10/07/2014,1,13.41
REGGC,9,02/07/2014,30/07/2014,09/07/2014,1,0.48
QUEDE,1,02/07/2014,30/07/2014,09/07/2014,1,62.52
QUICK,2,03/07/2014,31/07/2014,10/07/2014,3,194.67
GREAL,8,04/07/2014,01/08/2014,14/07/2014,2,4.42
MEREP,4,07/07/2014,04/08/2014,14/07/2014,3,44.77
VAFFE,1,07/07/2014,21/07/2014,16/07/2014,1,55.92
LEHMS,3,08/07/2014,05/08/2014,16/07/2014,1,32.1
LEHMS,7,09/07/2014,06/08/2014,13/08/2014,2,174.2
OLDWO,3,09/07/2014,06/08/2014,16/07/2014,2,5.24
ERNSH,2,10/07/2014,07/08/2014,14/07/2014,1,96.78
WHITC,8,11/07/2014,08/08/2014,12/08/2014,1,16.34
PICCO,7,11/07/2014,08/08/2014,18/07/2014,3,35.12
RATTC,1,14/07/2014,11/08/2014,18/07/2014,3,44.42
BSBEV,6,15/07/2014,26/08/2014,21/07/2014,3,29.98
HUNGC,4,16/07/2014,13/08/2014,21/07/2014,1,45.13
HILAA,7,16/07/2014,27/08/2014,22/07/2014,1,58.3
VAFFE,8,17/07/2014,14/08/2014,22/07/2014,2,2.92
SAVEA,8,18/07/2014,15/08/2014,08/08/2014,2,48.77
FURIB,1,18/07/2014,15/08/2014,29/07/2014,1,7.46
MEREP,1,21/07/2014,18/08/2014,29/07/2014,2,379.13
TRADH,4,22/07/2014,19/08/2014,31/07/2014,3,79.4
SAVEA,5,22/07/2014,19/08/2014,25/07/2014,1,200.24
TOMSP,4,23/07/2014,20/08/2014,01/08/2014,2,27.79
DUMON,7,24/07/2014,21/08/2014,30/07/2014,2,1.85
LAMAI,8,25/07/2014,22/08/2014,06/08/2014,1,26.78
WOLZA,6,25/07/2014,22/08/2014,01/08/2014,2,80.65
SAVEA,1,28/07/2014,25/08/2014,01/08/2014,2,544.08
HILAA,4,29/07/2014,26/08/2014,01/08/2014,2,8.11
BLAUS,8,29/07/2014,26/08/2014,01/08/2014,3,1.93
WILMK,2,30/07/2014,27/08/2014,06/08/2014,3,0.75
GREAL,1,31/07/2014,28/08/2014,05/08/2014,2,116.53
GREAL,4,31/07/2014,28/08/2014,04/08/2014,2,18.53
MEREP,1,01/08/2014,12/09/2014,08/08/2014,1,154.68
MEREP,3,04/08/2014,01/09/2014,07/08/2014,3,91.05
LAUGB,2,05/08/2014,02/09/2014,14/08/2014,3,0.94
ISLAT,4,05/08/2014,02/09/2014,11/08/2014,2,23.73
RICAR,4,06/08/2014,03/09/2014,11/08/2014,3,50.97
FRANK,8,07/08/2014,04/09/2014,12/08/2014,2,97.18
THECR,4,07/08/2014,04/09/2014,19/08/2014,2,94.8
ANATR,3,08/08/2014,05/09/2014,14/08/2014,1,43.9
BERGS,1,11/08/2014,08/09/2014,20/08/2014,2,138.69
SAVEA,8,11/08/2014,22/09/2014,21/08/2014,3,107.46
BLONP,4,12/08/2014,09/09/2014,20/08/2014,3,30.36
GODOS,4,12/08/2014,09/09/2014,20/08/2014,3,85.46
KOENE,1,13/08/2014,10/09/2014,19/08/2014,2,32.35
LAMAI,8,14/08/2014,11/09/2014,15/08/2014,1,0.87
WANDK,8,14/08/2014,11/09/2014,19/08/2014,1,41.38
ERNSH,7,15/08/2014,12/09/2014,18/08/2014,3,477.9
FOLIG,4,15/08/2014,12/09/2014,21/08/2014,3,487.38
MAGAA,8,18/08/2014,15/09/2014,21/08/2014,3,47.46
WARTH,4,19/08/2014,16/09/2014,26/08/2014,1,1.15
QUEEN,6,19/08/2014,16/09/2014,26/08/2014,1,201.29
LINOD,3,20/08/2014,17/09/2014,01/09/2014,1,158.44
SANTG,7,20/08/2014,17/09/2014,27/08/2014,3,38.64
WANDK,4,21/08/2014,18/09/2014,28/08/2014,1,23.55
HILAA,4,22/08/2014,19/09/2014,26/08/2014,2,179.61
SIMOB,7,22/08/2014,19/09/2014,05/09/2014,3,41.89
ALFKI,6,25/08/2014,22/09/2014,02/09/2014,1,29.46
WELLI,3,25/08/2014,22/09/2014,01/09/2014,2,0.14
HANAR,4,26/08/2014,23/09/2014,02/09/2014,1,12.41
HUNGO,9,27/08/2014,08/10/2014,03/09/2014,3,142.33
QUEDE,4,27/08/2014,10/09/2014,03/09/2014,2,45.54
RICAR,5,28/08/2014,09/10/2014,09/09/2014,2,14.25
MAISD,5,28/08/2014,25/09/2014,29/08/2014,3,6.2
FAMIA,5,29/08/2014,26/09/2014,03/09/2014,3,176.81
WANDK,8,01/09/2014,29/09/2014,11/09/2014,2,20.6
GOURL,4,01/09/2014,29/09/2014,08/09/2014,2,7.14
FRANK,1,02/09/2014,30/09/2014,19/09/2014,1,93.25
BERGS,5,02/09/2014,30/09/2014,11/09/2014,1,55.26
REGGC,1,03/09/2014,01/10/2014,11/09/2014,2,4.41
GREAL,6,04/09/2014,02/10/2014,10/09/2014,1,57.15
SAVEA,2,04/09/2014,02/10/2014,15/09/2014,2,352.69
QUICK,4,05/09/2014,03/10/2014,08/09/2014,1,364.15
QUEEN,7,05/09/2014,03/10/2014,10/09/2014,2,105.81
HUNGC,8,08/09/2014,06/10/2014,15/10/2014,1,111.29
HUNGO,7,09/09/2014,07/10/2014,15/09/2014,3,17.55
LONEP,3,09/09/2014,07/10/2014,18/09/2014,2,1.28
BONAP,2,10/09/2014,24/09/2014,03/10/2014,2,113.15
FURIB,1,10/09/2014,08/10/2014,19/09/2014,3,1.27
LONEP,1,11/09/2014,09/10/2014,17/09/2014,2,26.31
RICSU,7,12/09/2014,10/10/2014,22/09/2014,2,232.42
ERNSH,7,12/09/2014,10/10/2014,19/09/2014,1,78.09
WANDK,1,15/09/2014,13/10/2014,23/09/2014,2,47.22
SIMOB,2,15/09/2014,13/10/2014,22/09/2014,1,24.39
FRANK,4,16/09/2014,14/10/2014,18/09/2014,1,203.48
FRANR,1,17/09/2014,15/10/2014,24/09/2014,1,30.34
BERGS,9,17/09/2014,01/10/2014,26/09/2014,2,95.75
WILMK,2,18/09/2014,16/10/2014,19/09/2014,1,22.76
ISLAT,4,18/09/2014,16/10/2014,30/09/2014,2,0.9
FRANK,5,19/09/2014,17/10/2014,23/09/2014,2,31.85
TORTU,2,22/09/2014,20/10/2014,29/09/2014,2,2.01
ANTON,1,22/09/2014,20/10/2014,26/09/2014,3,4.03
SAVEA,7,23/09/2014,21/10/2014,16/10/2014,3,388.98
BLONP,8,23/09/2014,21/10/2014,30/09/2014,3,27.94
OLDWO,1,24/09/2014,22/10/2014,26/09/2014,1,26.61
GREAL,3,25/09/2014,23/10/2014,30/09/2014,3,76.13
ANTON,3,25/09/2014,23/10/2014,01/10/2014,2,36.13
DUMON,2,26/09/2014,24/10/2014,01/10/2014,1,4.4
OTTIK,3,26/09/2014,24/10/2014,30/09/2014,1,145.63
GOURL,4,29/09/2014,13/10/2014,03/10/2014,2,33.75
PICCO,2,30/09/2014,28/10/2014,08/10/2014,1,96.5
HUNGO,9,30/09/2014,28/10/2014,30/10/2014,2,296.43
VAFFE,4,01/10/2014,15/10/2014,07/10/2014,2,299.09
BERGS,1,01/10/2014,29/10/2014,07/10/2014,2,13.42
HANAR,1,02/10/2014,30/10/2014,03/10/2014,1,15.8
QUICK,2,03/10/2014,14/11/2014,22/10/2014,2,810.05
ALFKI,4,03/10/2014,31/10/2014,13/10/2014,2,61.02
WHITC,3,06/10/2014,20/10/2014,10/10/2014,3,139.34
QUICK,8,06/10/2014,03/11/2014,09/10/2014,3,398.36
WILMK,7,07/10/2014,18/11/2014,14/10/2014,1,16.72
WHITC,8,08/10/2014,19/11/2014,14/10/2014,3,102.55
LINOD,3,08/10/2014,05/11/2014,14/10/2014,1,45.52
ERNSH,4,09/10/2014,06/11/2014,17/10/2014,1,272.47
MORGK,3,09/10/2014,06/11/2014,13/10/2014,3,0.58
SAVEA,3,10/10/2014,07/11/2014,16/10/2014,1,65.1
HUNGO,6,13/10/2014,27/10/2014,15/10/2014,3,220.31
ALFKI,4,13/10/2014,24/11/2014,21/10/2014,1,23.94
FOLKO,6,14/10/2014,11/11/2014,20/10/2014,2,152.3
QUEEN,6,14/10/2014,11/11/2014,07/11/2014,1,4.78
HILAA,9,15/10/2014,12/11/2014,18/11/2014,2,3.52
OLDWO,8,16/10/2014,13/11/2014,21/10/2014,3,135.63
AROUT,4,16/10/2014,30/10/2014,23/10/2014,3,21.74
THEBI,6,17/10/2014,28/11/2014,05/11/2014,2,2.96
GOURL,1,17/10/2014,14/11/2014,20/11/2014,3,210.8
FRANS,1,20/10/2014,17/11/2014,23/10/2014,1,4.98
SAVEA,5,21/10/2014,02/12/2014,29/10/2014,2,52.41
HUNGO,3,21/10/2014,18/11/2014,31/10/2014,1,89.93
SAVEA,1,22/10/2014,19/11/2014,24/10/2014,1,167.05
SAVEA,5,22/10/2014,19/11/2014,27/10/2014,3,24.49
BONAP,3,23/10/2014,06/11/2014,29/10/2014,1,63.2
RANCH,4,24/10/2014,21/11/2014,27/10/2014,2,22.57
FRANK,1,24/10/2014,21/11/2014,29/10/2014,2,59.25
KOENE,1,27/10/2014,24/11/2014,29/10/2014,3,170.88
LETSS,8,27/10/2014,24/11/2014,05/11/2014,2,51.44
QUEDE,8,28/10/2014,11/11/2014,05/11/2014,2,9.53
QUICK,5,29/10/2014,26/11/2014,31/10/2014,3,48.92
SAVEA,8,29/10/2014,10/12/2014,04/11/2014,1,74.58
WHITC,3,30/10/2014,27/11/2014,25/11/2014,1,21.72
MEREP,8,30/10/2014,11/12/2014,05/11/2014,2,57.75
FAMIA,4,31/10/2014,28/11/2014,05/11/2014,3,10.83
EASTC,4,03/11/2014,17/11/2014,05/12/2014,1,16.56
REGGC,2,03/11/2014,01/12/2014,05/12/2014,1,89.9
QUEEN,4,04/11/2014,02/12/2014,11/11/2014,2,58.33
LINOD,8,04/11/2014,16/12/2014,14/11/2014,3,141.06
BONAP,5,05/11/2014,03/12/2014,14/11/2014,1,20.12
CHOPS,7,06/11/2014,04/12/2014,14/11/2014,1,96.65
BONAP,3,06/11/2014,04/12/2014,07/11/2014,1,16.97
BERGS,1,07/11/2014,05/12/2014,10/11/2014,3,110.11
GOURL,2,07/11/2014,05/12/2014,12/11/2014,3,1.63
LETSS,6,10/11/2014,08/12/2014,21/11/2014,2,45.97
HUNGO,9,11/11/2014,09/12/2014,21/11/2014,2,44.1
VINET,2,11/11/2014,09/12/2014,18/11/2014,2,7.79
SPECD,2,12/11/2014,10/12/2014,18/11/2014,1,2.91
VINET,3,12/11/2014,10/12/2014,17/11/2014,3,11.08
WHITC,4,13/11/2014,11/12/2014,25/11/2014,2,81.88
AROUT,4,14/11/2014,28/11/2014,18/11/2014,3,10.96
BOTTM,3,14/11/2014,12/12/2014,18/11/2014,3,243.73
AROUT,1,17/11/2014,15/12/2014,21/11/2014,2,23.72
VAFFE,6,17/11/2014,15/12/2014,24/11/2014,1,69.19
QUICK,9,18/11/2014,16/12/2014,27/11/2014,1,3.52
CHOPS,1,19/11/2014,17/12/2014,21/11/2014,3,31.43
PICCO,6,19/11/2014,17/12/2014,26/11/2014,1,117.33
SAVEA,3,20/11/2014,18/12/2014,28/11/2014,1,232.55
ISLAT,4,20/11/2014,18/12/2014,19/12/2014,2,61.53
WARTH,9,21/11/2014,19/12/2014,24/11/2014,1,79.3
RICSU,3,24/11/2014,22/12/2014,03/12/2014,3,130.79
NORTS,2,24/11/2014,22/12/2014,28/11/2014,3,1.39
FRANS,3,25/11/2014,23/12/2014,27/11/2014,1,7.7
MAGAA,6,25/11/2014,23/12/2014,27/11/2014,3,2.38
BONAP,4,26/11/2014,24/12/2014,28/11/2014,2,16.71
SPLIR,8,27/11/2014,25/12/2014,02/12/2014,2,73.21
SAVEA,6,27/11/2014,25/12/2014,15/12/2014,1,8.19
RICSU,3,28/11/2014,26/12/2014,04/12/2014,3,138.17
ANATR,3,28/11/2014,26/12/2014,12/12/2014,3,11.99
MAISD,4,01/12/2014,29/12/2014,10/12/2014,1,155.64
RATTC,5,02/12/2014,30/12/2014,08/12/2014,2,18.66
FOLKO,3,02/12/2014,30/12/2014,09/12/2014,1,328.74
FOLIG,3,03/12/2014,31/12/2014,08/12/2014,3,37.35
ERNSH,6,03/12/2014,31/12/2014,08/12/2014,3,145.45
QUICK,3,04/12/2014,01/01/2015,09/12/2014,3,42.74
OTTIK,4,05/12/2014,02/01/2015,09/12/2014,1,157.55
SUPRD,4,05/12/2014,02/01/2015,15/12/2014,3,1.59
AROUT,3,08/12/2014,05/01/2015,15/12/2014,2,146.32
VAFFE,3,08/12/2014,05/01/2015,12/12/2014,1,65.06
HANAR,8,09/12/2014,06/01/2015,17/12/2014,3,5.32
ERNSH,9,10/12/2014,07/01/2015,02/01/2015,2,11.19
LEHMS,3,10/12/2014,07/01/2015,19/12/2014,2,91.28
ERNSH,1,11/12/2014,08/01/2015,16/12/2014,3,96.43
FOLKO,4,11/12/2014,25/12/2014,12/12/2014,1,48.2
THECR,7,12/12/2014,09/01/2015,26/12/2014,1,20.25
ERNSH,1,15/12/2014,12/01/2015,18/12/2014,3,351.53
GOURL,7,15/12/2014,29/12/2014,21/01/2015,2,3.01
BERGS,3,16/12/2014,13/01/2015,24/12/2014,1,6.79
MORGK,3,16/12/2014,13/01/2015,14/01/2015,2,58.13
LILAS,2,16/12/2014,30/12/2014,25/12/2014,1,42.13
WARTH,2,17/12/2014,14/01/2015,19/12/2014,3,73.16
CACTU,9,17/12/2014,14/01/2015,22/12/2014,3,1.1
HANAR,4,18/12/2014,15/01/2015,19/12/2014,2,124.98
MAGAA,4,18/12/2014,15/01/2015,22/12/2014,3,70.09
GROSR,1,18/12/2014,15/01/2015,24/12/2014,3,1.51
QUEEN,8,19/12/2014,16/01/2015,23/12/2014,1,110.87
LAMAI,2,19/12/2014,02/01/2015,26/12/2014,1,249.93
QUICK,1,22/12/2014,19/01/2015,19/01/2015,2,42.7
FOLIG,1,22/12/2014,19/01/2015,31/12/2014,2,100.6
GOURL,6,22/12/2014,19/01/2015,26/12/2014,1,28.23
FRANK,6,23/12/2014,20/01/2015,01/01/2015,2,16.85
WOLZA,1,23/12/2014,20/01/2015,31/12/2014,3,23.79
AROUT,3,24/12/2014,21/01/2015,08/01/2015,3,4.52
QUEDE,6,24/12/2014,21/01/2015,02/01/2015,1,21.49
ERNSH,8,24/12/2014,21/01/2015,20/01/2015,2,126.66
HILAA,3,25/12/2014,22/01/2015,14/01/2015,1,26.52
DRACD,7,25/12/2014,22/01/2015,05/01/2015,2,33.35
ISLAT,2,26/12/2014,23/01/2015,05/01/2015,1,2.33
KOENE,9,26/12/2014,06/02/2015,05/01/2015,3,30.76
SEVES,1,26/12/2014,23/01/2015,05/01/2015,3,137.44
BOLID,4,29/12/2014,26/01/2015,31/12/2014,2,97.09
SIMOB,4,29/12/2014,26/01/2015,02/01/2015,2,257.26
WELLI,4,30/12/2014,27/01/2015,06/01/2015,1,55.23
SEVES,6,30/12/2014,27/01/2015,07/01/2015,2,27.33
THEBI,2,30/12/2014,27/01/2015,09/01/2015,3,237.34
VICTE,3,31/12/2014,28/01/2015,05/01/2015,2,22.11
FRANS,4,31/12/2014,28/01/2015,30/01/2015,1,1.36
OLDWO,2,01/01/2015,29/01/2015,09/01/2015,3,45.53
WELLI,7,01/01/2015,29/01/2015,07/01/2015,1,4.87
LAUGB,2,01/01/2015,29/01/2015,07/01/2015,3,4.33
LINOD,8,02/01/2015,30/01/2015,08/01/2015,1,31.22
REGGC,5,02/01/2015,30/01/2015,12/01/2015,1,59.78
RICAR,1,05/01/2015,02/02/2015,09/01/2015,1,47.38
VICTE,3,05/01/2015,02/02/2015,14/01/2015,3,130.94
SAVEA,2,05/01/2015,02/02/2015,14/01/2015,3,14.62
GREAL,4,06/01/2015,03/02/2015,04/02/2015,2,719.78
KOENE,3,06/01/2015,20/01/2015,13/01/2015,2,306.07
MAGAA,7,07/01/2015,04/02/2015,12/01/2015,3,65.48
CACTU,2,07/01/2015,04/02/2015,16/01/2015,3,19.76
RATTC,3,07/01/2015,04/02/2015,13/01/2015,2,37.52
SPLIR,1,08/01/2015,05/02/2015,15/01/2015,1,36.68
TRAIH,6,08/01/2015,05/02/2015,16/01/2015,3,7
LILAS,5,09/01/2015,06/02/2015,13/01/2015,2,163.97
FOLKO,8,09/01/2015,06/02/2015,30/01/2015,1,1.23
DRACD,1,09/01/2015,06/02/2015,14/01/2015,1,79.25
BLONP,6,12/01/2015,09/02/2015,06/02/2015,1,7.09
BONAP,1,12/01/2015,26/01/2015,06/02/2015,2,63.54
RANCH,9,13/01/2015,27/01/2015,04/02/2015,1,90.85
ISLAT,9,13/01/2015,10/02/2015,23/01/2015,1,154.72
TRADH,4,13/01/2015,24/02/2015,21/01/2015,2,81.83
SANTG,3,14/01/2015,11/02/2015,23/01/2015,2,72.19
LAMAI,2,14/01/2015,11/02/2015,19/01/2015,2,43.26
OTTIK,6,15/01/2015,12/02/2015,23/01/2015,2,71.49
TRADH,1,15/01/2015,12/02/2015,19/01/2015,3,29.78
ALFKI,1,15/01/2015,12/02/2015,21/01/2015,3,69.53
ERNSH,7,16/01/2015,13/02/2015,21/01/2015,1,411.88
BERGS,9,16/01/2015,13/02/2015,23/01/2015,3,13.32
LINOD,3,19/01/2015,16/02/2015,23/01/2015,3,59.28
TRADH,3,19/01/2015,16/02/2015,22/01/2015,3,35.43
LINOD,4,19/01/2015,02/03/2015,16/02/2015,2,2.71
SUPRD,5,20/01/2015,17/02/2015,29/01/2015,2,424.3
TORTU,1,20/01/2015,17/02/2015,29/01/2015,3,54.42
VICTE,4,21/01/2015,18/02/2015,26/01/2015,2,9.26
PICCO,8,21/01/2015,18/02/2015,26/01/2015,2,25.22
QUICK,8,21/01/2015,04/02/2015,30/01/2015,1,212.98
SUPRD,2,22/01/2015,05/03/2015,23/01/2015,3,56.46
SAVEA,4,22/01/2015,05/02/2015,10/02/2015,3,487.57
CONSH,7,23/01/2015,20/02/2015,29/01/2015,2,38.24
KOENE,9,23/01/2015,20/02/2015,30/01/2015,2,0.56
VICTE,1,23/01/2015,06/03/2015,30/01/2015,1,49.19
RICAR,5,26/01/2015,23/02/2015,02/02/2015,1,160.55
RATTC,8,26/01/2015,09/02/2015,30/01/2015,1,174.05
BLAUS,9,27/01/2015,24/02/2015,03/02/2015,2,53.83
ERNSH,3,27/01/2015,24/02/2015,05/02/2015,2,100.22
OLDWO,3,27/01/2015,24/02/2015,04/02/2015,1,170.97
ANTON,3,28/01/2015,25/02/2015,10/02/2015,2,58.43
BERGS,8,28/01/2015,25/02/2015,06/02/2015,2,188.85
LACOR,2,29/01/2015,26/02/2015,03/02/2015,1,52.51
FRANK,1,29/01/2015,26/02/2015,02/02/2015,2,76.1
FRANR,3,29/01/2015,26/02/2015,04/02/2015,3,19.26
WHITC,4,30/01/2015,27/02/2015,17/02/2015,2,14.93
LEHMS,8,30/01/2015,13/03/2015,02/02/2015,2,53.23
HILAA,4,02/02/2015,02/03/2015,17/02/2015,2,30.26
AROUT,4,02/02/2015,02/03/2015,09/02/2015,2,3.04
QUICK,2,02/02/2015,16/02/2015,12/02/2015,1,348.14
BERGS,5,03/02/2015,03/03/2015,12/02/2015,1,109.11
LONEP,6,03/02/2015,17/03/2015,11/02/2015,1,1.93
QUEEN,7,04/02/2015,04/03/2015,23/02/2015,2,191.27
SEVES,5,04/02/2015,04/03/2015,09/02/2015,1,143.28
WOLZA,5,04/02/2015,04/03/2015,13/02/2015,3,12.04
BONAP,9,05/02/2015,05/03/2015,10/02/2015,2,112.27
GODOS,5,05/02/2015,05/03/2015,09/02/2015,2,175.32
WILMK,4,06/02/2015,06/03/2015,09/02/2015,1,0.82
GODOS,5,06/02/2015,06/03/2015,11/02/2015,2,19.58
BERGS,4,06/02/2015,06/03/2015,03/03/2015,2,32.37
BONAP,7,09/02/2015,09/03/2015,12/02/2015,3,60.42
RICAR,1,09/02/2015,09/03/2015,19/02/2015,1,38.06
QUICK,4,10/02/2015,10/03/2015,12/02/2015,1,46.69
WILMK,3,10/02/2015,10/03/2015,12/02/2015,3,8.5
FOLKO,7,10/02/2015,24/03/2015,18/02/2015,1,88.01
CACTU,4,11/02/2015,11/03/2015,18/02/2015,1,2.84
SAVEA,4,11/02/2015,11/03/2015,20/02/2015,3,23.1
LONEP,8,12/02/2015,12/03/2015,20/02/2015,3,0.53
LETSS,4,12/02/2015,12/03/2015,13/02/2015,2,90.97
SUPRD,6,12/02/2015,12/03/2015,18/02/2015,3,5.64
HANAR,1,13/02/2015,13/03/2015,02/03/2015,1,4.99
GALED,8,13/02/2015,13/03/2015,16/02/2015,3,1.25
GODOS,1,16/02/2015,16/03/2015,23/02/2015,2,51.87
RATTC,9,16/02/2015,16/03/2015,23/02/2015,3,280.61
DUMON,7,16/02/2015,16/03/2015,18/02/2015,1,32.76
LEHMS,7,17/02/2015,17/03/2015,19/02/2015,2,20.37
MAISD,4,17/02/2015,17/03/2015,19/02/2015,2,120.27
KOENE,9,18/02/2015,18/03/2015,20/02/2015,2,77.78
SAVEA,1,18/02/2015,18/03/2015,20/02/2015,1,116.13
ERNSH,3,18/02/2015,18/03/2015,23/02/2015,1,162.75
MAISD,7,19/02/2015,19/03/2015,27/02/2015,3,32.45
HUNGO,3,19/02/2015,19/03/2015,25/02/2015,2,603.54
OCEAN,4,20/02/2015,20/03/2015,06/03/2015,2,1.27
LILAS,5,20/02/2015,20/03/2015,26/02/2015,3,1.21
WELLI,1,20/02/2015,20/03/2015,04/03/2015,2,1.66
HILAA,4,23/02/2015,23/03/2015,26/02/2015,1,62.09
FOLKO,1,23/02/2015,23/03/2015,03/03/2015,1,44.15
HANAR,3,24/02/2015,24/03/2015,04/03/2015,3,36.71
WHITC,3,24/02/2015,24/03/2015,27/02/2015,3,162.95
WELLI,9,24/02/2015,24/03/2015,06/03/2015,2,13.72
WOLZA,4,25/02/2015,11/03/2015,03/03/2015,3,26.29
SPECD,6,25/02/2015,25/03/2015,27/02/2015,3,9.19
REGGC,4,26/02/2015,26/03/2015,06/03/2015,2,32.96
SANTG,1,26/02/2015,26/03/2015,10/03/2015,2,53.05
WILMK,1,26/02/2015,26/03/2015,04/03/2015,3,38.11
GODOS,3,26/02/2015,26/03/2015,05/03/2015,1,38.19
HUNGO,2,26/02/2015,26/03/2015,18/03/2015,2,580.91
QUEEN,4,26/02/2015,26/03/2015,04/03/2015,1,33.05
QUEEN,6,27/02/2015,27/03/2015,02/03/2015,1,21.19
TORTU,2,27/02/2015,27/03/2015,02/03/2015,2,3.51
RANCH,1,27/02/2015,27/03/2015,09/03/2015,2,63.77
ROMEY,4,02/03/2015,30/03/2015,11/03/2015,2,8.29
BOTTM,3,02/03/2015,30/03/2015,11/03/2015,3,48.83
LINOD,2,02/03/2015,30/03/2015,04/03/2015,2,19.8
AROUT,4,03/03/2015,31/03/2015,09/03/2015,2,29.61
VAFFE,1,03/03/2015,14/04/2015,09/03/2015,1,176.48
HANAR,5,03/03/2015,31/03/2015,05/03/2015,3,62.74
LAMAI,7,03/03/2015,14/04/2015,13/03/2015,3,68.26
BERGS,3,04/03/2015,01/04/2015,08/04/2015,2,151.52
HANAR,3,04/03/2015,01/04/2015,13/03/2015,1,2.27
ANATR,4,04/03/2015,01/04/2015,11/03/2015,3,39.92
LACOR,4,05/03/2015,02/04/2015,08/04/2015,1,19.79
GALED,1,05/03/2015,02/04/2015,18/03/2015,1,1.36
FRANK,6,05/03/2015,02/04/2015,12/03/2015,1,33.93
SUPRD,4,06/03/2015,17/04/2015,18/03/2015,3,15.55
RICSU,4,06/03/2015,20/03/2015,19/03/2015,2,13.6
BONAP,8,06/03/2015,03/04/2015,24/03/2015,1,134.64
ISLAT,6,06/03/2015,03/04/2015,16/03/2015,3,54.15
LEHMS,3,09/03/2015,06/04/2015,12/03/2015,3,32.01
WELLI,4,09/03/2015,06/04/2015,18/03/2015,3,47.59
GREAL,3,09/03/2015,06/04/2015,18/03/2015,2,33.68
CACTU,7,10/03/2015,24/03/2015,13/03/2015,3,31.51
QUICK,3,10/03/2015,07/04/2015,16/03/2015,2,31.89
MAGAA,2,10/03/2015,07/04/2015,13/03/2015,2,76.33
BONAP,8,11/03/2015,08/04/2015,23/03/2015,3,19.77
SAVEA,7,11/03/2015,08/04/2015,20/03/2015,2,400.81
REGGC,9,11/03/2015,08/04/2015,18/03/2015,3,17.95
BSBEV,4,11/03/2015,08/04/2015,19/03/2015,2,2.17
BOTTM,6,12/03/2015,26/03/2015,13/03/2015,3,52.92
MORGK,4,12/03/2015,09/04/2015,18/03/2015,1,10.22
VAFFE,1,12/03/2015,09/04/2015,19/03/2015,2,27.2
BSBEV,3,13/03/2015,10/04/2015,16/03/2015,2,3.26
GODOS,3,13/03/2015,10/04/2015,19/03/2015,3,23.39
BOTTM,2,13/03/2015,10/04/2015,17/03/2015,3,74.44
MAGAA,1,16/03/2015,13/04/2015,23/03/2015,2,2.5
RICSU,9,16/03/2015,27/04/2015,07/04/2015,2,30.85
ALFKI,1,16/03/2015,27/04/2015,24/03/2015,1,40.42
AROUT,9,16/03/2015,30/03/2015,25/03/2015,2,23.72
LINOD,5,17/03/2015,28/04/2015,20/03/2015,1,27.91
FOLKO,8,17/03/2015,14/04/2015,20/03/2015,2,3.26
BLAUS,6,17/03/2015,28/04/2015,20/03/2015,2,44.65
HILAA,8,18/03/2015,15/04/2015,27/03/2015,3,105.36
OCEAN,7,18/03/2015,15/04/2015,27/03/2015,2,49.56
GOURL,6,18/03/2015,29/04/2015,23/03/2015,2,4.98
HILAA,3,19/03/2015,02/04/2015,08/04/2015,1,2.08
QUEEN,8,19/03/2015,16/04/2015,30/03/2015,1,104.47
QUICK,8,19/03/2015,16/04/2015,23/03/2015,2,275.79
FURIB,9,19/03/2015,16/04/2015,26/03/2015,3,2.7
SPECD,3,20/03/2015,17/04/2015,24/03/2015,2,87.38
OLDWO,6,20/03/2015,17/04/2015,30/03/2015,3,144.38
CHOPS,4,20/03/2015,17/04/2015,08/04/2015,1,27.19
TOMSP,2,23/03/2015,20/04/2015,02/04/2015,2,62.22
ERNSH,1,23/03/2015,20/04/2015,01/04/2015,3,74.6
COMMI,1,23/03/2015,20/04/2015,30/03/2015,2,0.21
BOLID,9,24/03/2015,07/04/2015,24/04/2015,1,16.16
FRANR,2,24/03/2015,21/04/2015,02/04/2015,2,121.82
LACOR,4,24/03/2015,21/04/2015,26/03/2015,2,0.02
LACOR,6,24/03/2015,21/04/2015,27/03/2015,2,15.17
SPLIR,3,25/03/2015,08/04/2015,03/04/2015,3,12.96
BOTTM,1,25/03/2015,22/04/2015,27/03/2015,3,32.27
HILAA,1,25/03/2015,06/05/2015,03/04/2015,1,37.97
FOLKO,8,26/03/2015,23/04/2015,10/04/2015,3,208.5
MAISD,9,26/03/2015,23/04/2015,23/04/2015,2,32.82
ERNSH,8,26/03/2015,23/04/2015,31/03/2015,2,353.07
FOLKO,4,27/03/2015,08/05/2015,17/04/2015,1,1.26
HANAR,1,27/03/2015,24/04/2015,02/04/2015,2,193.37
BOTTM,2,27/03/2015,24/04/2015,08/04/2015,1,14.01
SAVEA,2,27/03/2015,24/04/2015,06/04/2015,2,657.54
SAVEA,1,30/03/2015,27/04/2015,03/04/2015,3,211.22
HUNGO,2,30/03/2015,27/04/2015,02/04/2015,1,91.51
OCEAN,8,30/03/2015,27/04/2015,21/04/2015,2,217.86
EASTC,8,31/03/2015,28/04/2015,06/04/2015,1,185.48
RATTC,3,31/03/2015,28/04/2015,10/04/2015,2,61.14
QUEDE,2,31/03/2015,28/04/2015,02/04/2015,1,34.76
ERNSH,2,01/04/2015,13/05/2015,07/04/2015,3,117.61
QUICK,1,01/04/2015,29/04/2015,07/04/2015,1,38.51
THEBI,1,01/04/2015,29/04/2015,03/04/2015,3,4.27
FOLKO,7,01/04/2015,29/04/2015,10/04/2015,3,8.81
VAFFE,2,02/04/2015,16/04/2015,09/04/2015,3,65.53
PERIC,1,02/04/2015,30/04/2015,06/04/2015,3,46
QUICK,4,02/04/2015,30/04/2015,10/04/2015,2,1.12
LILAS,8,03/04/2015,15/05/2015,13/04/2015,2,73.91
WOLZA,8,03/04/2015,17/04/2015,17/04/2015,2,20.31
OTTIK,6,03/04/2015,01/05/2015,10/04/2015,2,96.35
RATTC,2,06/04/2015,04/05/2015,14/04/2015,3,55.12
FOLKO,2,06/04/2015,04/05/2015,14/04/2015,2,197.3
SAVEA,4,06/04/2015,04/05/2015,16/04/2015,1,141.16
THECR,3,06/04/2015,04/05/2015,08/04/2015,3,14.91
MAISD,3,07/04/2015,05/05/2015,20/04/2015,1,44.84
WILMK,2,07/04/2015,05/05/2015,10/04/2015,1,0.75
GREAL,3,07/04/2015,05/05/2015,15/04/2015,2,25.19
PRINI,8,08/04/2015,06/05/2015,13/04/2015,2,202.24
ERNSH,7,08/04/2015,06/05/2015,14/04/2015,3,79.46
GODOS,2,08/04/2015,06/05/2015,10/04/2015,1,59.11
REGGC,2,09/04/2015,07/05/2015,21/04/2015,2,28.71
ALFKI,3,09/04/2015,07/05/2015,13/04/2015,1,1.21
FRANK,1,09/04/2015,23/04/2015,17/04/2015,3,242.95
ROMEY,2,09/04/2015,07/05/2015,10/04/2015,1,32.99
LINOD,2,10/04/2015,08/05/2015,15/04/2015,3,23.6
SANTG,2,10/04/2015,24/04/2015,20/04/2015,2,4.62
AROUT,9,10/04/2015,08/05/2015,13/04/2015,2,33.8
ERNSH,9,13/04/2015,11/05/2015,20/04/2015,2,754.26
LONEP,4,13/04/2015,11/05/2015,16/04/2015,2,11.65
RANCH,6,13/04/2015,11/05/2015,17/04/2015,3,3.17
OTTIK,2,14/04/2015,12/05/2015,16/04/2015,2,43.3
QUICK,3,14/04/2015,12/05/2015,21/04/2015,1,297.18
HANAR,9,14/04/2015,12/05/2015,04/05/2015,2,6.27
BSBEV,1,14/04/2015,28/04/2015,24/04/2015,2,123.83
EASTC,4,15/04/2015,13/05/2015,20/04/2015,1,74.36
WARTH,6,15/04/2015,13/05/2015,24/04/2015,3,29.17
FRANS,4,15/04/2015,13/05/2015,28/04/2015,1,47.09
BOTTM,1,16/04/2015,14/05/2015,20/04/2015,1,52.52
KOENE,2,16/04/2015,14/05/2015,22/04/2015,1,29.59
CHOPS,4,16/04/2015,14/05/2015,27/04/2015,1,47.84
SAVEA,7,17/04/2015,15/05/2015,27/04/2015,2,830.75
SAVEA,6,17/04/2015,15/05/2015,24/04/2015,2,227.22
WHITC,2,17/04/2015,15/05/2015,23/04/2015,3,606.19
RICSU,7,17/04/2015,15/05/2015,23/04/2015,3,84.74
OLDWO,8,20/04/2015,01/06/2015,27/04/2015,1,40.32
SUPRD,2,20/04/2015,18/05/2015,24/04/2015,2,0.17
DRACD,8,20/04/2015,18/05/2015,22/04/2015,3,149.47
GODOS,7,21/04/2015,19/05/2015,27/04/2015,1,3.2
SUPRD,1,21/04/2015,19/05/2015,30/04/2015,2,29.59
LINOD,1,21/04/2015,19/05/2015,01/05/2015,2,65
GREAL,4,22/04/2015,20/05/2015,02/05/2015,3,18.84
CHOPS,3,22/04/2015,20/05/2015,28/04/2015,2,48.22
COMMI,2,22/04/2015,06/05/2015,01/05/2015,1,29.99
SPECD,5,22/04/2015,20/05/2015,29/04/2015,2,8.8
WOLZA,4,23/04/2015,21/05/2015,01/05/2015,1,8.72
BOTTM,6,23/04/2015,21/05/2015,02/05/2015,2,70.58
WANDK,8,23/04/2015,21/05/2015,24/04/2015,2,71.64
EASTC,7,24/04/2015,22/05/2015,01/05/2015,3,46.62
BOTTM,7,24/04/2015,22/05/2015,30/04/2015,3,24.12
GOURL,3,24/04/2015,22/05/2015,04/05/2015,1,8.34
FOLKO,8,27/04/2015,25/05/2015,05/05/2015,2,59.41
LAMAI,7,27/04/2015,25/05/2015,06/05/2015,3,2.79
HANAR,3,27/04/2015,25/05/2015,01/05/2015,1,67.26
PICCO,2,27/04/2015,25/05/2015,29/04/2015,2,53.05
CACTU,8,28/04/2015,26/05/2015,30/04/2015,1,0.33
HILAA,7,28/04/2015,26/05/2015,05/05/2015,2,120.92
EASTC,8,28/04/2015,12/05/2015,01/05/2015,2,278.96
NORTS,3,29/04/2015,27/05/2015,01/05/2015,3,4.13
BLAUS,9,29/04/2015,27/05/2015,02/05/2015,3,31.14
RICAR,2,29/04/2015,10/06/2015,03/05/2015,2,85.8
FRANS,2,30/04/2015,28/05/2015,04/05/2015,2,10.98
GREAL,4,30/04/2015,11/06/2015,05/05/2015,3,14.01
REGGC,4,30/04/2015,28/05/2015,06/05/2015,2,29.93
HUNGO,3,30/04/2015,28/05/2015,06/05/2015,2,81.73
SAVEA,1,01/05/2015,29/05/2015,04/05/2015,1,30.09
LILAS,8,01/05/2015,29/05/2015,05/05/2015,1,12.91
WHITC,7,01/05/2015,29/05/2015,04/05/2015,2,44.72
DRACD,1,04/05/2015,18/05/2015,06/05/2015,2,7.98
QUEEN,8,04/05/2015,01/06/2015,07/05/2015,2,81.75
TORTU,1,04/05/2015,01/06/2015,06/05/2015,2,15.67
LEHMS,2,05/05/2015,02/06/2015,07/05/2015,1,136
LILAS,1,05/05/2015,02/06/2015,08/05/2015,1,0.93
ERNSH,4,05/05/2015,02/06/2015,09/05/2015,2,258.64
PERIC,2,05/05/2015,02/06/2015,10/05/2015,2,24.95
SIMOB,7,06/05/2015,03/06/2015,11/05/2015,2,18.44
RICSU,8,06/05/2015,03/06/2015,12/05/2015,2,6.19
BONAP,4,06/05/2015,03/06/2015,13/05/2015,2,38.28
RATTC,1,07/05/2015,03/06/2015,14/05/2015,2,8.53
GALED,1,08/05/2015,04/06/2015,15/05/2015,1,1.36
FRANK,6,09/05/2015,05/06/2015,16/05/2015,1,33.93
SUPRD,4,10/05/2015,06/06/2015,17/05/2015,3,15.55
RICSU,4,11/05/2015,07/06/2015,18/05/2015,2,13.6
BONAP,8,12/05/2015,08/06/2015,19/05/2015,1,134.64
ISLAT,6,13/05/2015,09/06/2015,20/05/2015,3,54.15
LEHMS,3,14/05/2015,10/06/2015,21/05/2015,3,32.01
WELLI,4,15/05/2015,11/06/2015,22/05/2015,3,47.59
GREAL,3,16/05/2015,12/06/2015,23/05/2015,2,33.68
CACTU,7,17/05/2015,13/06/2015,24/05/2015,3,31.51
WEEG,3,18/05/2015,14/06/2015,25/05/2015,2,31.89
MAGAA,2,19/05/2015,15/06/2015,26/05/2015,2,76.33
BONAP,8,20/05/2015,16/06/2015,27/05/2015,3,19.77
SAVEA,7,21/05/2015,17/06/2015,28/05/2015,2,400.81
REGGC,9,22/05/2015,18/06/2015,29/05/2015,3,17.95
BSBEV,4,23/05/2015,19/06/2015,30/05/2015,2,2.17
BOTTM,6,24/05/2015,20/06/2015,31/05/2015,3,52.92
MORGK,4,25/05/2015,21/06/2015,01/06/2015,1,10.22
VAFFE,1,26/05/2015,22/06/2015,02/06/2015,2,27.2
BSBEV,3,27/05/2015,23/06/2015,03/06/2015,2,3.26
GODOS,3,28/05/2015,24/06/2015,04/06/2015,3,23.39
BOTTM,2,29/05/2015,25/06/2015,05/06/2015,3,74.44
MAGAA,1,30/05/2015,26/06/2015,06/06/2015,2,2.5
RICSU,9,31/05/2015,27/06/2015,07/06/2015,2,30.85
ALFKI,1,01/06/2015,28/06/2015,08/06/2015,1,40.42
AROUT,9,02/06/2015,29/06/2015,09/06/2015,2,23.72
LINOD,5,03/06/2015,30/06/2015,10/06/2015,1,27.91
FOLKO,8,04/06/2015,01/07/2015,11/06/2015,2,3.26
BLAUS,6,05/06/2015,02/07/2015,12/06/2015,2,44.65
HILAA,8,06/06/2015,03/07/2015,13/06/2015,3,105.36
OCEAN,7,07/06/2015,04/07/2015,14/06/2015,2,49.56
GOURL,6,08/06/2015,05/07/2015,15/06/2015,2,4.98
HILAA,3,09/06/2015,06/07/2015,16/06/2015,1,2.08
QUEEN,8,10/06/2015,07/07/2015,17/06/2015,1,104.47
QUICK,8,11/06/2015,08/07/2015,18/06/2015,2,275.79
FURIB,9,12/06/2015,09/07/2015,19/06/2015,3,2.7
SPECD,3,13/06/2015,10/07/2015,20/06/2015,2,87.38
OLDWO,6,14/06/2015,11/07/2015,21/06/2015,3,144.38
CHOPS,4,15/06/2015,12/07/2015,22/06/2015,1,27.19
TOMSP,2,16/06/2015,13/07/2015,23/06/2015,2,62.22
ERNSH,1,17/06/2015,14/07/2015,24/06/2015,3,74.6
COMMI,1,18/06/2015,15/07/2015,25/06/2015,2,0.21
BOLID,9,19/06/2015,16/07/2015,26/06/2015,1,16.16
FRANR,2,20/06/2015,17/07/2015,27/06/2015,2,121.82
LACOR,4,21/06/2015,18/07/2015,28/06/2015,2,0.02
LACOR,6,22/06/2015,19/07/2015,29/06/2015,2,15.17
SPLIR,3,23/06/2015,20/07/2015,30/06/2015,3,12.96
BOTTM,1,24/06/2015,21/07/2015,01/07/2015,3,32.27
HILAA,1,25/06/2015,22/07/2015,02/07/2015,1,37.97
FOLKO,8,26/06/2015,23/07/2015,03/07/2015,3,208.5
MAISD,9,27/06/2015,24/07/2015,04/07/2015,2,32.82
ERNSH,8,28/06/2015,25/07/2015,05/07/2015,2,353.07
FOLKO,4,29/06/2015,26/07/2015,06/07/2015,1,1.26
HANAR,1,30/06/2015,27/07/2015,07/07/2015,2,193.37
BOTTM,2,01/07/2015,28/07/2015,08/07/2015,1,14.01
SAVEA,2,02/07/2015,29/07/2015,09/07/2015,2,657.54
SAVEA,1,03/07/2015,30/07/2015,10/07/2015,3,211.22
HUNGO,2,04/07/2015,31/07/2015,11/07/2015,1,91.51
OCEAN,8,05/07/2015,01/08/2015,12/07/2015,2,217.86
EASTC,8,06/07/2015,02/08/2015,13/07/2015,1,185.48
RATTC,3,07/07/2015,03/08/2015,14/07/2015,2,61.14
QUEDE,2,08/07/2015,04/08/2015,15/07/2015,1,34.76
ERNSH,2,09/07/2015,05/08/2015,16/07/2015,3,117.61
QUICK,1,10/07/2015,06/08/2015,17/07/2015,1,38.51
THEBI,1,11/07/2015,07/08/2015,18/07/2015,3,4.27
FOLKO,7,12/07/2015,08/08/2015,19/07/2015,3,8.81
VAFFE,2,13/07/2015,09/08/2015,20/07/2015,3,65.53
PERIC,1,14/07/2015,10/08/2015,21/07/2015,3,46
QUICK,4,15/07/2015,11/08/2015,22/07/2015,2,1.12
LILAS,8,16/07/2015,12/08/2015,23/07/2015,2,73.91
WOLZA,8,17/07/2015,13/08/2015,24/07/2015,2,20.31
OTTIK,6,18/07/2015,14/08/2015,25/07/2015,2,96.35
RATTC,2,19/07/2015,15/08/2015,26/07/2015,3,55.12
FOLKO,2,20/07/2015,16/08/2015,27/07/2015,2,197.3
SAVEA,4,21/07/2015,17/08/2015,28/07/2015,1,141.16
THECR,3,22/07/2015,18/08/2015,29/07/2015,3,14.91
MAISD,3,23/07/2015,19/08/2015,30/07/2015,1,44.84
WILMK,2,24/07/2015,20/08/2015,31/07/2015,1,0.75
GREAL,3,25/07/2015,21/08/2015,01/08/2015,2,25.19
PRINI,8,26/07/2015,22/08/2015,02/08/2015,2,202.24
ERNSH,7,27/07/2015,23/08/2015,03/08/2015,3,79.46
GODOS,2,28/07/2015,24/08/2015,04/08/2015,1,59.11
REGGC,2,29/07/2015,25/08/2015,05/08/2015,2,28.71
ALFKI,3,30/07/2015,26/08/2015,06/08/2015,1,1.21
FRANK,1,31/07/2015,27/08/2015,07/08/2015,3,242.95
ROMEY,2,01/08/2015,28/08/2015,08/08/2015,1,32.99
LINOD,2,02/08/2015,29/08/2015,09/08/2015,3,23.6
SANTG,2,03/08/2015,30/08/2015,10/08/2015,2,4.62
AROUT,9,04/08/2015,31/08/2015,11/08/2015,2,33.8
ERNSH,9,05/08/2015,01/09/2015,12/08/2015,2,754.26
LONEP,4,06/08/2015,02/09/2015,13/08/2015,2,11.65
RANCH,6,07/08/2015,03/09/2015,14/08/2015,3,3.17
OTTIK,2,08/08/2015,04/09/2015,15/08/2015,2,43.3
QUICK,3,09/08/2015,05/09/2015,16/08/2015,1,297.18
HANAR,9,10/08/2015,06/09/2015,17/08/2015,2,6.27
BSBEV,1,11/08/2015,07/09/2015,18/08/2015,2,123.83
EASTC,4,12/08/2015,08/09/2015,19/08/2015,1,74.36
WARTH,6,13/08/2015,09/09/2015,20/08/2015,3,29.17
FRANS,4,14/08/2015,10/09/2015,21/08/2015,1,47.09
BOTTM,1,15/08/2015,11/09/2015,22/08/2015,1,52.52
KOENE,2,16/08/2015,12/09/2015,23/08/2015,1,29.59
CHOPS,4,17/08/2015,13/09/2015,24/08/2015,1,47.84
SAVEA,7,18/08/2015,14/09/2015,25/08/2015,2,830.75
SAVEA,6,19/08/2015,15/09/2015,26/08/2015,2,227.22
WHITC,2,20/08/2015,16/09/2015,27/08/2015,3,606.19
RICSU,7,21/08/2015,17/09/2015,28/08/2015,3,84.74
OLDWO,8,22/08/2015,18/09/2015,29/08/2015,1,40.32
SUPRD,2,23/08/2015,19/09/2015,30/08/2015,2,0.17
DRACD,8,24/08/2015,20/09/2015,31/08/2015,3,149.47
GODOS,7,25/08/2015,21/09/2015,01/09/2015,1,3.2
SUPRD,1,26/08/2015,22/09/2015,02/09/2015,2,29.59
LINOD,1,27/08/2015,23/09/2015,03/09/2015,2,65
GREAL,4,28/08/2015,24/09/2015,04/09/2015,3,18.84
CHOPS,3,29/08/2015,25/09/2015,05/09/2015,2,48.22
COMMI,2,30/08/2015,26/09/2015,06/09/2015,1,29.99
SPECD,5,31/08/2015,27/09/2015,07/09/2015,2,8.8
WOLZA,4,01/09/2015,28/09/2015,08/09/2015,1,8.72
BOTTM,6,02/09/2015,29/09/2015,09/09/2015,2,70.58
WANDK,8,03/09/2015,30/09/2015,10/09/2015,2,71.64
EASTC,7,04/09/2015,01/10/2015,11/09/2015,3,46.62
BOTTM,7,05/09/2015,02/10/2015,12/09/2015,3,24.12
GOURL,3,06/09/2015,03/10/2015,13/09/2015,1,8.34
FOLKO,8,07/09/2015,04/10/2015,14/09/2015,2,59.41
LAMAI,7,08/09/2015,05/10/2015,15/09/2015,3,2.79
HANAR,3,09/09/2015,06/10/2015,16/09/2015,1,67.26
PICCO,2,10/09/2015,07/10/2015,17/09/2015,2,53.05
CACTU,8,11/09/2015,08/10/2015,18/09/2015,1,0.33
HILAA,7,12/09/2015,09/10/2015,19/09/2015,2,120.92
EASTC,8,13/09/2015,10/10/2015,20/09/2015,2,278.96
NORTS,3,14/09/2015,11/10/2015,21/09/2015,3,4.13
BLAUS,9,15/09/2015,12/10/2015,22/09/2015,3,31.14
RICAR,2,16/09/2015,13/10/2015,23/09/2015,2,85.8
FRANS,2,17/09/2015,14/10/2015,24/09/2015,2,10.98
GREAL,4,18/09/2015,15/10/2015,25/09/2015,3,14.01
REGGC,4,19/09/2015,16/10/2015,26/09/2015,2,29.93
HUNGO,3,20/09/2015,17/10/2015,27/09/2015,2,81.73
SAVEA,1,21/09/2015,18/10/2015,28/09/2015,1,30.09
LILAS,8,22/09/2015,19/10/2015,29/09/2015,1,12.91
WHITC,7,23/09/2015,20/10/2015,30/09/2015,2,44.72
DRACD,1,24/09/2015,21/10/2015,01/10/2015,2,7.98
QUEEN,8,25/09/2015,22/10/2015,02/10/2015,2,81.75
TORTU,1,26/09/2015,23/10/2015,03/10/2015,2,15.67
LEHMS,2,27/09/2015,24/10/2015,04/10/2015,1,136
LILAS,1,28/09/2015,25/10/2015,05/10/2015,1,0.93
ERNSH,4,29/09/2015,26/10/2015,06/10/2015,2,258.64
PERIC,2,30/09/2015,27/10/2015,07/10/2015,2,24.95
SIMOB,7,01/10/2015,28/10/2015,08/10/2015,2,18.44
RICSU,8,02/10/2015,29/10/2015,09/10/2015,2,6.19
BONAP,4,03/10/2015,30/10/2015,10/10/2015,2,38.28
RATTC,1,04/10/2015,31/10/2015,11/10/2015,2,8.53
GALED,1,05/10/2015,01/11/2015,12/10/2015,1,1.36
FRANK,6,06/10/2015,02/11/2015,13/10/2015,1,33.93
SUPRD,4,07/10/2015,03/11/2015,14/10/2015,3,15.55
RICSU,4,08/10/2015,04/11/2015,15/10/2015,2,13.6
BONAP,8,09/10/2015,05/11/2015,16/10/2015,1,134.64
ISLAT,6,10/10/2015,06/11/2015,17/10/2015,3,54.15
LEHMS,3,11/10/2015,07/11/2015,18/10/2015,3,32.01
WELLI,4,12/10/2015,08/11/2015,19/10/2015,3,47.59
GREAL,3,13/10/2015,09/11/2015,20/10/2015,2,33.68
CACTU,7,14/10/2015,10/11/2015,21/10/2015,3,31.51
WEEG,3,15/10/2015,11/11/2015,22/10/2015,2,31.89
MAGAA,2,16/10/2015,12/11/2015,23/10/2015,2,76.33
BONAP,8,17/10/2015,13/11/2015,24/10/2015,3,19.77
SAVEA,7,18/10/2015,14/11/2015,25/10/2015,2,400.81
REGGC,9,19/10/2015,15/11/2015,26/10/2015,3,17.95
BSBEV,4,20/10/2015,16/11/2015,27/10/2015,2,2.17
BOTTM,6,21/10/2015,17/11/2015,28/10/2015,3,52.92
MORGK,4,22/10/2015,18/11/2015,29/10/2015,1,10.22
VAFFE,1,23/10/2015,19/11/2015,30/10/2015,2,27.2
BSBEV,3,24/10/2015,20/11/2015,31/10/2015,2,3.26
GODOS,3,25/10/2015,21/11/2015,01/11/2015,3,23.39
BOTTM,2,26/10/2015,22/11/2015,02/11/2015,3,74.44
MAGAA,1,27/10/2015,23/11/2015,03/11/2015,2,2.5
RICSU,9,28/10/2015,24/11/2015,04/11/2015,2,30.85
ALFKI,1,29/10/2015,25/11/2015,05/11/2015,1,40.42
AROUT,9,30/10/2015,26/11/2015,06/11/2015,2,23.72
LINOD,5,31/10/2015,27/11/2015,07/11/2015,1,27.91
FOLKO,8,01/11/2015,28/11/2015,08/11/2015,2,3.26
BLAUS,6,02/11/2015,29/11/2015,09/11/2015,2,44.65
HILAA,8,03/11/2015,30/11/2015,10/11/2015,3,105.36
OCEAN,7,04/11/2015,01/12/2015,11/11/2015,2,49.56
GOURL,6,05/11/2015,02/12/2015,12/11/2015,2,4.98
HILAA,3,06/11/2015,03/12/2015,13/11/2015,1,2.08
QUEEN,8,07/11/2015,04/12/2015,14/11/2015,1,104.47
QUICK,8,08/11/2015,05/12/2015,15/11/2015,2,275.79
FURIB,9,09/11/2015,06/12/2015,16/11/2015,3,2.7
SPECD,3,10/11/2015,07/12/2015,17/11/2015,2,87.38
OLDWO,6,11/11/2015,08/12/2015,18/11/2015,3,144.38
CHOPS,4,12/11/2015,09/12/2015,19/11/2015,1,27.19
TOMSP,2,13/11/2015,10/12/2015,20/11/2015,2,62.22
ERNSH,1,14/11/2015,11/12/2015,21/11/2015,3,74.6
COMMI,1,15/11/2015,12/12/2015,22/11/2015,2,0.21
BOLID,9,16/11/2015,13/12/2015,23/11/2015,1,16.16
FRANR,2,17/11/2015,14/12/2015,24/11/2015,2,121.82
LACOR,4,18/11/2015,15/12/2015,25/11/2015,2,0.02
LACOR,6,19/11/2015,16/12/2015,26/11/2015,2,15.17
SPLIR,3,20/11/2015,17/12/2015,27/11/2015,3,12.96
BOTTM,1,21/11/2015,18/12/2015,28/11/2015,3,32.27
HILAA,1,22/11/2015,19/12/2015,29/11/2015,1,37.97
FOLKO,8,23/11/2015,20/12/2015,30/11/2015,3,208.5
MAISD,9,24/11/2015,21/12/2015,01/12/2015,2,32.82
ERNSH,8,25/11/2015,22/12/2015,02/12/2015,2,353.07
FOLKO,4,26/11/2015,23/12/2015,03/12/2015,1,1.26
HANAR,1,27/11/2015,24/12/2015,04/12/2015,2,193.37
BOTTM,2,28/11/2015,25/12/2015,05/12/2015,1,14.01
SAVEA,2,29/11/2015,26/12/2015,06/12/2015,2,657.54
SAVEA,1,30/11/2015,27/12/2015,07/12/2015,3,211.22
HUNGO,2,01/12/2015,28/12/2015,08/12/2015,1,91.51
OCEAN,8,02/12/2015,29/12/2015,09/12/2015,2,217.86
EASTC,8,03/12/2015,30/12/2015,10/12/2015,1,185.48
RATTC,3,04/12/2015,31/12/2015,11/12/2015,2,61.14
QUEDE,2,05/12/2015,01/01/2016,12/12/2015,1,34.76
ERNSH,2,06/12/2015,02/01/2016,13/12/2015,3,117.61
QUICK,1,07/12/2015,03/01/2016,14/12/2015,1,38.51
THEBI,1,08/12/2015,04/01/2016,15/12/2015,3,4.27
FOLKO,7,09/12/2015,05/01/2016,16/12/2015,3,8.81
VAFFE,2,10/12/2015,06/01/2016,17/12/2015,3,65.53
PERIC,1,11/12/2015,07/01/2016,18/12/2015,3,46
QUICK,4,12/12/2015,08/01/2016,19/12/2015,2,1.12
LILAS,8,13/12/2015,09/01/2016,20/12/2015,2,73.91
WOLZA,8,14/12/2015,10/01/2016,21/12/2015,2,20.31
OTTIK,6,15/12/2015,11/01/2016,22/12/2015,2,96.35
RATTC,2,16/12/2015,12/01/2016,23/12/2015,3,55.12
FOLKO,2,17/12/2015,13/01/2016,24/12/2015,2,197.3
SAVEA,4,18/12/2015,14/01/2016,25/12/2015,1,141.16
THECR,3,19/12/2015,15/01/2016,26/12/2015,3,14.91
MAISD,3,20/12/2015,16/01/2016,27/12/2015,1,44.84
WILMK,2,21/12/2015,17/01/2016,28/12/2015,1,0.75
GREAL,3,22/12/2015,18/01/2016,29/12/2015,2,25.19
PRINI,8,23/12/2015,19/01/2016,30/12/2015,2,202.24
ERNSH,7,24/12/2015,20/01/2016,31/12/2015,3,79.46
GODOS,2,25/12/2015,21/01/2016,01/01/2016,1,59.11
REGGC,2,26/12/2015,22/01/2016,02/01/2016,2,28.71
ALFKI,3,27/12/2015,23/01/2016,03/01/2016,1,1.21
FRANK,1,28/12/2015,24/01/2016,04/01/2016,3,242.95
ROMEY,2,29/12/2015,25/01/2016,05/01/2016,1,32.99
LINOD,2,30/12/2015,26/01/2016,06/01/2016,3,23.6
SANTG,2,31/12/2015,27/01/2016,07/01/2016,2,4.62
AROUT,9,01/01/2016,28/01/2016,08/01/2016,2,33.8
ERNSH,9,02/01/2016,29/01/2016,09/01/2016,2,754.26
LONEP,4,03/01/2016,30/01/2016,10/01/2016,2,11.65
RANCH,6,04/01/2016,31/01/2016,11/01/2016,3,3.17
OTTIK,2,05/01/2016,01/02/2016,12/01/2016,2,43.3
QUICK,3,06/01/2016,02/02/2016,13/01/2016,1,297.18
HANAR,9,07/01/2016,03/02/2016,14/01/2016,2,6.27
BSBEV,1,08/01/2016,04/02/2016,15/01/2016,2,123.83
EASTC,4,09/01/2016,05/02/2016,16/01/2016,1,74.36
WARTH,6,10/01/2016,06/02/2016,17/01/2016,3,29.17
FRANS,4,11/01/2016,07/02/2016,18/01/2016,1,47.09
BOTTM,1,12/01/2016,08/02/2016,19/01/2016,1,52.52
KOENE,2,13/01/2016,09/02/2016,20/01/2016,1,29.59
CHOPS,4,14/01/2016,10/02/2016,21/01/2016,1,47.84
SAVEA,7,15/01/2016,11/02/2016,22/01/2016,2,830.75
SAVEA,6,16/01/2016,12/02/2016,23/01/2016,2,227.22
WHITC,2,17/01/2016,13/02/2016,24/01/2016,3,606.19
RICSU,7,18/01/2016,14/02/2016,25/01/2016,3,84.74
OLDWO,8,19/01/2016,15/02/2016,26/01/2016,1,40.32
SUPRD,2,20/01/2016,16/02/2016,27/01/2016,2,0.17
DRACD,8,21/01/2016,17/02/2016,28/01/2016,3,149.47
GODOS,7,22/01/2016,18/02/2016,29/01/2016,1,3.2
SUPRD,1,23/01/2016,19/02/2016,30/01/2016,2,29.59
LINOD,1,24/01/2016,20/02/2016,31/01/2016,2,65
GREAL,4,25/01/2016,21/02/2016,01/02/2016,3,18.84
CHOPS,3,26/01/2016,22/02/2016,02/02/2016,2,48.22
COMMI,2,27/01/2016,23/02/2016,03/02/2016,1,29.99
SPECD,5,28/01/2016,24/02/2016,04/02/2016,2,8.8
WOLZA,4,29/01/2016,25/02/2016,05/02/2016,1,8.72
BOTTM,6,30/01/2016,26/02/2016,06/02/2016,2,70.58
WANDK,8,31/01/2016,27/02/2016,07/02/2016,2,71.64
EASTC,7,01/02/2016,28/02/2016,08/02/2016,3,46.62
BOTTM,7,02/02/2016,29/02/2016,09/02/2016,3,24.12
GOURL,3,03/02/2016,01/03/2016,10/02/2016,1,8.34
FOLKO,8,04/02/2016,02/03/2016,11/02/2016,2,59.41
LAMAI,7,05/02/2016,03/03/2016,12/02/2016,3,2.79
HANAR,3,06/02/2016,04/03/2016,13/02/2016,1,67.26
PICCO,2,07/02/2016,05/03/2016,14/02/2016,2,53.05
CACTU,8,08/02/2016,06/03/2016,15/02/2016,1,0.33
HILAA,7,09/02/2016,07/03/2016,16/02/2016,2,120.92
EASTC,8,10/02/2016,08/03/2016,17/02/2016,2,278.96
NORTS,3,11/02/2016,09/03/2016,18/02/2016,3,4.13
BLAUS,9,12/02/2016,10/03/2016,19/02/2016,3,31.14
RICAR,2,13/02/2016,11/03/2016,20/02/2016,2,85.8
FRANS,2,14/02/2016,12/03/2016,21/02/2016,2,10.98
GREAL,4,15/02/2016,13/03/2016,22/02/2016,3,14.01
REGGC,4,16/02/2016,14/03/2016,23/02/2016,2,29.93
HUNGO,3,17/02/2016,15/03/2016,24/02/2016,2,81.73
SAVEA,1,18/02/2016,16/03/2016,25/02/2016,1,30.09
LILAS,8,19/02/2016,17/03/2016,26/02/2016,1,12.91
WHITC,7,20/02/2016,18/03/2016,27/02/2016,2,44.72
DRACD,1,21/02/2016,19/03/2016,28/02/2016,2,7.98
QUEEN,8,22/02/2016,20/03/2016,29/02/2016,2,81.75
TORTU,1,23/02/2016,21/03/2016,01/03/2016,2,15.67
LEHMS,2,24/02/2016,22/03/2016,02/03/2016,1,136
LILAS,1,25/02/2016,23/03/2016,03/03/2016,1,0.93
ERNSH,4,26/02/2016,24/03/2016,04/03/2016,2,258.64
PERIC,2,27/02/2016,25/03/2016,05/03/2016,2,24.95
SIMOB,7,28/02/2016,26/03/2016,06/03/2016,2,18.44
RICSU,8,29/02/2016,27/03/2016,07/03/2016,2,6.19
BONAP,4,01/03/2016,28/03/2016,08/03/2016,2,38.28
RATTC,1,02/03/2016,29/03/2016,09/03/2016,2,8.53
